,Dates_x,Date,Dates_y,Counts
0,1/1/14,2014-01-01,2014-01-01,1.0
1,1/2/14,2014-01-02,0,0.0
2,1/3/14,2014-01-03,2014-01-03,1.0
3,1/4/14,2014-01-04,0,0.0
4,1/5/14,2014-01-05,0,0.0
5,1/6/14,2014-01-06,0,0.0
6,1/7/14,2014-01-07,0,0.0
7,1/8/14,2014-01-08,0,0.0
8,1/9/14,2014-01-09,0,0.0
9,1/10/14,2014-01-10,0,0.0
10,1/11/14,2014-01-11,0,0.0
11,1/12/14,2014-01-12,2014-01-12,3.0
12,1/13/14,2014-01-13,2014-01-13,1.0
13,1/14/14,2014-01-14,2014-01-14,1.0
14,1/15/14,2014-01-15,0,0.0
15,1/16/14,2014-01-16,2014-01-16,2.0
16,1/17/14,2014-01-17,0,0.0
17,1/18/14,2014-01-18,0,0.0
18,1/19/14,2014-01-19,0,0.0
19,1/20/14,2014-01-20,2014-01-20,1.0
20,1/21/14,2014-01-21,2014-01-21,1.0
21,1/22/14,2014-01-22,0,0.0
22,1/23/14,2014-01-23,0,0.0
23,1/24/14,2014-01-24,0,0.0
24,1/25/14,2014-01-25,2014-01-25,2.0
25,1/26/14,2014-01-26,0,0.0
26,1/27/14,2014-01-27,2014-01-27,2.0
27,1/28/14,2014-01-28,0,0.0
28,1/29/14,2014-01-29,0,0.0
29,1/30/14,2014-01-30,0,0.0
30,1/31/14,2014-01-31,0,0.0
31,2/1/14,2014-02-01,0,0.0
32,2/2/14,2014-02-02,0,0.0
33,2/3/14,2014-02-03,2014-02-03,1.0
34,2/4/14,2014-02-04,0,0.0
35,2/5/14,2014-02-05,2014-02-05,1.0
36,2/6/14,2014-02-06,2014-02-06,1.0
37,2/7/14,2014-02-07,2014-02-07,1.0
38,2/8/14,2014-02-08,0,0.0
39,2/9/14,2014-02-09,0,0.0
40,2/10/14,2014-02-10,0,0.0
41,2/11/14,2014-02-11,0,0.0
42,2/12/14,2014-02-12,2014-02-12,3.0
43,2/13/14,2014-02-13,0,0.0
44,2/14/14,2014-02-14,0,0.0
45,2/15/14,2014-02-15,2014-02-15,1.0
46,2/16/14,2014-02-16,2014-02-16,5.0
47,2/17/14,2014-02-17,0,0.0
48,2/18/14,2014-02-18,0,0.0
49,2/19/14,2014-02-19,0,0.0
50,2/20/14,2014-02-20,2014-02-20,2.0
51,2/21/14,2014-02-21,0,0.0
52,2/22/14,2014-02-22,2014-02-22,1.0
53,2/23/14,2014-02-23,0,0.0
54,2/24/14,2014-02-24,0,0.0
55,2/25/14,2014-02-25,2014-02-25,1.0
56,2/26/14,2014-02-26,0,0.0
57,2/27/14,2014-02-27,0,0.0
58,2/28/14,2014-02-28,0,0.0
59,3/1/14,2014-03-01,2014-03-01,2.0
60,3/2/14,2014-03-02,0,0.0
61,3/3/14,2014-03-03,0,0.0
62,3/4/14,2014-03-04,0,0.0
63,3/5/14,2014-03-05,2014-03-05,1.0
64,3/6/14,2014-03-06,0,0.0
65,3/7/14,2014-03-07,0,0.0
66,3/8/14,2014-03-08,2014-03-08,2.0
67,3/9/14,2014-03-09,2014-03-09,2.0
68,3/10/14,2014-03-10,0,0.0
69,3/11/14,2014-03-11,0,0.0
70,3/12/14,2014-03-12,0,0.0
71,3/13/14,2014-03-13,0,0.0
72,3/14/14,2014-03-14,2014-03-14,1.0
73,3/15/14,2014-03-15,0,0.0
74,3/16/14,2014-03-16,2014-03-16,2.0
75,3/17/14,2014-03-17,0,0.0
76,3/18/14,2014-03-18,0,0.0
77,3/19/14,2014-03-19,0,0.0
78,3/20/14,2014-03-20,0,0.0
79,3/21/14,2014-03-21,2014-03-21,1.0
80,3/22/14,2014-03-22,0,0.0
81,3/23/14,2014-03-23,2014-03-23,3.0
82,3/24/14,2014-03-24,0,0.0
83,3/25/14,2014-03-25,0,0.0
84,3/26/14,2014-03-26,0,0.0
85,3/27/14,2014-03-27,0,0.0
86,3/28/14,2014-03-28,0,0.0
87,3/29/14,2014-03-29,0,0.0
88,3/30/14,2014-03-30,2014-03-30,2.0
89,3/31/14,2014-03-31,0,0.0
90,4/1/14,2014-04-01,0,0.0
91,4/2/14,2014-04-02,2014-04-02,1.0
92,4/3/14,2014-04-03,0,0.0
93,4/4/14,2014-04-04,0,0.0
94,4/5/14,2014-04-05,2014-04-05,3.0
95,4/6/14,2014-04-06,2014-04-06,2.0
96,4/7/14,2014-04-07,2014-04-07,1.0
97,4/8/14,2014-04-08,0,0.0
98,4/9/14,2014-04-09,2014-04-09,2.0
99,4/10/14,2014-04-10,0,0.0
100,4/11/14,2014-04-11,2014-04-11,1.0
101,4/12/14,2014-04-12,2014-04-12,1.0
102,4/13/14,2014-04-13,0,0.0
103,4/14/14,2014-04-14,2014-04-14,1.0
104,4/15/14,2014-04-15,0,0.0
105,4/16/14,2014-04-16,0,0.0
106,4/17/14,2014-04-17,0,0.0
107,4/18/14,2014-04-18,0,0.0
108,4/19/14,2014-04-19,0,0.0
109,4/20/14,2014-04-20,2014-04-20,3.0
110,4/21/14,2014-04-21,0,0.0
111,4/22/14,2014-04-22,2014-04-22,1.0
112,4/23/14,2014-04-23,0,0.0
113,4/24/14,2014-04-24,0,0.0
114,4/25/14,2014-04-25,2014-04-25,1.0
115,4/26/14,2014-04-26,0,0.0
116,4/27/14,2014-04-27,2014-04-27,1.0
117,4/28/14,2014-04-28,0,0.0
118,4/29/14,2014-04-29,2014-04-29,1.0
119,4/30/14,2014-04-30,2014-04-30,1.0
120,5/1/14,2014-05-01,0,0.0
121,5/2/14,2014-05-02,0,0.0
122,5/3/14,2014-05-03,2014-05-03,1.0
123,5/4/14,2014-05-04,2014-05-04,2.0
124,5/5/14,2014-05-05,0,0.0
125,5/6/14,2014-05-06,0,0.0
126,5/7/14,2014-05-07,0,0.0
127,5/8/14,2014-05-08,0,0.0
128,5/9/14,2014-05-09,0,0.0
129,5/10/14,2014-05-10,2014-05-10,3.0
130,5/11/14,2014-05-11,2014-05-11,2.0
131,5/12/14,2014-05-12,2014-05-12,1.0
132,5/13/14,2014-05-13,2014-05-13,1.0
133,5/14/14,2014-05-14,0,0.0
134,5/15/14,2014-05-15,0,0.0
135,5/16/14,2014-05-16,0,0.0
136,5/17/14,2014-05-17,2014-05-17,2.0
137,5/18/14,2014-05-18,2014-05-18,1.0
138,5/19/14,2014-05-19,0,0.0
139,5/20/14,2014-05-20,0,0.0
140,5/21/14,2014-05-21,2014-05-21,1.0
141,5/22/14,2014-05-22,0,0.0
142,5/23/14,2014-05-23,2014-05-23,3.0
143,5/24/14,2014-05-24,2014-05-24,2.0
144,5/25/14,2014-05-25,2014-05-25,1.0
145,5/26/14,2014-05-26,0,0.0
146,5/27/14,2014-05-27,0,0.0
147,5/28/14,2014-05-28,0,0.0
148,5/29/14,2014-05-29,0,0.0
149,5/30/14,2014-05-30,0,0.0
150,5/31/14,2014-05-31,2014-05-31,1.0
151,6/1/14,2014-06-01,2014-06-01,2.0
152,6/2/14,2014-06-02,2014-06-02,1.0
153,6/3/14,2014-06-03,2014-06-03,1.0
154,6/4/14,2014-06-04,2014-06-04,1.0
155,6/5/14,2014-06-05,0,0.0
156,6/6/14,2014-06-06,0,0.0
157,6/7/14,2014-06-07,2014-06-07,2.0
158,6/8/14,2014-06-08,2014-06-08,1.0
159,6/9/14,2014-06-09,2014-06-09,1.0
160,6/10/14,2014-06-10,0,0.0
161,6/11/14,2014-06-11,0,0.0
162,6/12/14,2014-06-12,0,0.0
163,6/13/14,2014-06-13,2014-06-13,1.0
164,6/14/14,2014-06-14,0,0.0
165,6/15/14,2014-06-15,2014-06-15,2.0
166,6/16/14,2014-06-16,0,0.0
167,6/17/14,2014-06-17,0,0.0
168,6/18/14,2014-06-18,0,0.0
169,6/19/14,2014-06-19,0,0.0
170,6/20/14,2014-06-20,2014-06-20,1.0
171,6/21/14,2014-06-21,2014-06-21,2.0
172,6/22/14,2014-06-22,2014-06-22,1.0
173,6/23/14,2014-06-23,0,0.0
174,6/24/14,2014-06-24,2014-06-24,1.0
175,6/25/14,2014-06-25,2014-06-25,1.0
176,6/26/14,2014-06-26,2014-06-26,2.0
177,6/27/14,2014-06-27,2014-06-27,3.0
178,6/28/14,2014-06-28,2014-06-28,2.0
179,6/29/14,2014-06-29,2014-06-29,3.0
180,6/30/14,2014-06-30,2014-06-30,1.0
181,7/1/14,2014-07-01,0,0.0
182,7/2/14,2014-07-02,2014-07-02,1.0
183,7/3/14,2014-07-03,0,0.0
184,7/4/14,2014-07-04,2014-07-04,1.0
185,7/5/14,2014-07-05,2014-07-05,6.0
186,7/6/14,2014-07-06,2014-07-06,3.0
187,7/7/14,2014-07-07,2014-07-07,2.0
188,7/8/14,2014-07-08,2014-07-08,1.0
189,7/9/14,2014-07-09,2014-07-09,1.0
190,7/10/14,2014-07-10,0,0.0
191,7/11/14,2014-07-11,2014-07-11,1.0
192,7/12/14,2014-07-12,2014-07-12,1.0
193,7/13/14,2014-07-13,2014-07-13,3.0
194,7/14/14,2014-07-14,2014-07-14,1.0
195,7/15/14,2014-07-15,0,0.0
196,7/16/14,2014-07-16,0,0.0
197,7/17/14,2014-07-17,0,0.0
198,7/18/14,2014-07-18,0,0.0
199,7/19/14,2014-07-19,2014-07-19,1.0
200,7/20/14,2014-07-20,2014-07-20,2.0
201,7/21/14,2014-07-21,2014-07-21,2.0
202,7/22/14,2014-07-22,0,0.0
203,7/23/14,2014-07-23,2014-07-23,1.0
204,7/24/14,2014-07-24,0,0.0
205,7/25/14,2014-07-25,2014-07-25,1.0
206,7/26/14,2014-07-26,2014-07-26,3.0
207,7/27/14,2014-07-27,2014-07-27,1.0
208,7/28/14,2014-07-28,2014-07-28,1.0
209,7/29/14,2014-07-29,0,0.0
210,7/30/14,2014-07-30,2014-07-30,1.0
211,7/31/14,2014-07-31,0,0.0
212,8/1/14,2014-08-01,2014-08-01,1.0
213,8/2/14,2014-08-02,2014-08-02,3.0
214,8/3/14,2014-08-03,2014-08-03,4.0
215,8/4/14,2014-08-04,2014-08-04,1.0
216,8/5/14,2014-08-05,0,0.0
217,8/6/14,2014-08-06,2014-08-06,1.0
218,8/7/14,2014-08-07,0,0.0
219,8/8/14,2014-08-08,2014-08-08,3.0
220,8/9/14,2014-08-09,2014-08-09,1.0
221,8/10/14,2014-08-10,2014-08-10,4.0
222,8/11/14,2014-08-11,0,0.0
223,8/12/14,2014-08-12,2014-08-12,2.0
224,8/13/14,2014-08-13,2014-08-13,2.0
225,8/14/14,2014-08-14,2014-08-14,1.0
226,8/15/14,2014-08-15,0,0.0
227,8/16/14,2014-08-16,2014-08-16,2.0
228,8/17/14,2014-08-17,2014-08-17,4.0
229,8/18/14,2014-08-18,2014-08-18,1.0
230,8/19/14,2014-08-19,0,0.0
231,8/20/14,2014-08-20,2014-08-20,1.0
232,8/21/14,2014-08-21,0,0.0
233,8/22/14,2014-08-22,0,0.0
234,8/23/14,2014-08-23,0,0.0
235,8/24/14,2014-08-24,2014-08-24,3.0
236,8/25/14,2014-08-25,0,0.0
237,8/26/14,2014-08-26,0,0.0
238,8/27/14,2014-08-27,2014-08-27,1.0
239,8/28/14,2014-08-28,0,0.0
240,8/29/14,2014-08-29,2014-08-29,1.0
241,8/30/14,2014-08-30,0,0.0
242,8/31/14,2014-08-31,2014-08-31,1.0
243,9/1/14,2014-09-01,0,0.0
244,9/2/14,2014-09-02,2014-09-02,2.0
245,9/3/14,2014-09-03,2014-09-03,1.0
246,9/4/14,2014-09-04,2014-09-04,1.0
247,9/5/14,2014-09-05,0,0.0
248,9/6/14,2014-09-06,2014-09-06,2.0
249,9/7/14,2014-09-07,0,0.0
250,9/8/14,2014-09-08,0,0.0
251,9/9/14,2014-09-09,0,0.0
252,9/10/14,2014-09-10,0,0.0
253,9/11/14,2014-09-11,2014-09-11,1.0
254,9/12/14,2014-09-12,0,0.0
255,9/13/14,2014-09-13,0,0.0
256,9/14/14,2014-09-14,2014-09-14,2.0
257,9/15/14,2014-09-15,2014-09-15,1.0
258,9/16/14,2014-09-16,0,0.0
259,9/17/14,2014-09-17,0,0.0
260,9/18/14,2014-09-18,2014-09-18,1.0
261,9/19/14,2014-09-19,2014-09-19,1.0
262,9/20/14,2014-09-20,2014-09-20,1.0
263,9/21/14,2014-09-21,2014-09-21,1.0
264,9/22/14,2014-09-22,0,0.0
265,9/23/14,2014-09-23,0,0.0
266,9/24/14,2014-09-24,0,0.0
267,9/25/14,2014-09-25,0,0.0
268,9/26/14,2014-09-26,2014-09-26,1.0
269,9/27/14,2014-09-27,2014-09-27,1.0
270,9/28/14,2014-09-28,2014-09-28,2.0
271,9/29/14,2014-09-29,2014-09-29,2.0
272,9/30/14,2014-09-30,0,0.0
273,10/1/14,2014-10-01,0,0.0
274,10/2/14,2014-10-02,0,0.0
275,10/3/14,2014-10-03,0,0.0
276,10/4/14,2014-10-04,2014-10-04,2.0
277,10/5/14,2014-10-05,2014-10-05,2.0
278,10/6/14,2014-10-06,0,0.0
279,10/7/14,2014-10-07,0,0.0
280,10/8/14,2014-10-08,2014-10-08,2.0
281,10/9/14,2014-10-09,0,0.0
282,10/10/14,2014-10-10,0,0.0
283,10/11/14,2014-10-11,2014-10-11,1.0
284,10/12/14,2014-10-12,2014-10-12,2.0
285,10/13/14,2014-10-13,2014-10-13,1.0
286,10/14/14,2014-10-14,2014-10-14,1.0
287,10/15/14,2014-10-15,0,0.0
288,10/16/14,2014-10-16,2014-10-16,1.0
289,10/17/14,2014-10-17,0,0.0
290,10/18/14,2014-10-18,2014-10-18,3.0
291,10/19/14,2014-10-19,0,0.0
292,10/20/14,2014-10-20,0,0.0
293,10/21/14,2014-10-21,0,0.0
294,10/22/14,2014-10-22,0,0.0
295,10/23/14,2014-10-23,0,0.0
296,10/24/14,2014-10-24,2014-10-24,2.0
297,10/25/14,2014-10-25,0,0.0
298,10/26/14,2014-10-26,2014-10-26,1.0
299,10/27/14,2014-10-27,0,0.0
300,10/28/14,2014-10-28,0,0.0
301,10/29/14,2014-10-29,2014-10-29,1.0
302,10/30/14,2014-10-30,0,0.0
303,10/31/14,2014-10-31,0,0.0
304,11/1/14,2014-11-01,0,0.0
305,11/2/14,2014-11-02,0,0.0
306,11/3/14,2014-11-03,0,0.0
307,11/4/14,2014-11-04,0,0.0
308,11/5/14,2014-11-05,2014-11-05,1.0
309,11/6/14,2014-11-06,0,0.0
310,11/7/14,2014-11-07,2014-11-07,2.0
311,11/8/14,2014-11-08,2014-11-08,1.0
312,11/9/14,2014-11-09,0,0.0
313,11/10/14,2014-11-10,0,0.0
314,11/11/14,2014-11-11,0,0.0
315,11/12/14,2014-11-12,0,0.0
316,11/13/14,2014-11-13,0,0.0
317,11/14/14,2014-11-14,0,0.0
318,11/15/14,2014-11-15,2014-11-15,2.0
319,11/16/14,2014-11-16,2014-11-16,2.0
320,11/17/14,2014-11-17,0,0.0
321,11/18/14,2014-11-18,2014-11-18,1.0
322,11/19/14,2014-11-19,2014-11-19,1.0
323,11/20/14,2014-11-20,0,0.0
324,11/21/14,2014-11-21,2014-11-21,1.0
325,11/22/14,2014-11-22,2014-11-22,3.0
326,11/23/14,2014-11-23,2014-11-23,2.0
327,11/24/14,2014-11-24,0,0.0
328,11/25/14,2014-11-25,0,0.0
329,11/26/14,2014-11-26,2014-11-26,1.0
330,11/27/14,2014-11-27,2014-11-27,1.0
331,11/28/14,2014-11-28,2014-11-28,1.0
332,11/29/14,2014-11-29,2014-11-29,2.0
333,11/30/14,2014-11-30,2014-11-30,2.0
334,12/1/14,2014-12-01,0,0.0
335,12/2/14,2014-12-02,2014-12-02,2.0
336,12/3/14,2014-12-03,0,0.0
337,12/4/14,2014-12-04,0,0.0
338,12/5/14,2014-12-05,0,0.0
339,12/6/14,2014-12-06,0,0.0
340,12/7/14,2014-12-07,2014-12-07,1.0
341,12/8/14,2014-12-08,0,0.0
342,12/9/14,2014-12-09,0,0.0
343,12/10/14,2014-12-10,0,0.0
344,12/11/14,2014-12-11,0,0.0
345,12/12/14,2014-12-12,2014-12-12,1.0
346,12/13/14,2014-12-13,2014-12-13,1.0
347,12/14/14,2014-12-14,2014-12-14,1.0
348,12/15/14,2014-12-15,2014-12-15,1.0
349,12/16/14,2014-12-16,2014-12-16,1.0
350,12/17/14,2014-12-17,0,0.0
351,12/18/14,2014-12-18,0,0.0
352,12/19/14,2014-12-19,0,0.0
353,12/20/14,2014-12-20,2014-12-20,1.0
354,12/21/14,2014-12-21,2014-12-21,3.0
355,12/22/14,2014-12-22,2014-12-22,3.0
356,12/23/14,2014-12-23,2014-12-23,1.0
357,12/24/14,2014-12-24,2014-12-24,1.0
358,12/25/14,2014-12-25,0,0.0
359,12/26/14,2014-12-26,2014-12-26,1.0
360,12/27/14,2014-12-27,2014-12-27,2.0
361,12/28/14,2014-12-28,0,0.0
362,12/29/14,2014-12-29,2014-12-29,1.0
363,12/30/14,2014-12-30,0,0.0
364,12/31/14,2014-12-31,2014-12-31,1.0
365,1/1/15,2015-01-01,2015-01-01,1.0
366,1/2/15,2015-01-02,2015-01-02,1.0
367,1/3/15,2015-01-03,0,0.0
368,1/4/15,2015-01-04,2015-01-04,2.0
369,1/5/15,2015-01-05,0,0.0
370,1/6/15,2015-01-06,2015-01-06,1.0
371,1/7/15,2015-01-07,2015-01-07,1.0
372,1/8/15,2015-01-08,2015-01-08,1.0
373,1/9/15,2015-01-09,2015-01-09,1.0
374,1/10/15,2015-01-10,2015-01-10,1.0
375,1/11/15,2015-01-11,2015-01-11,3.0
376,1/12/15,2015-01-12,0,0.0
377,1/13/15,2015-01-13,2015-01-13,2.0
378,1/14/15,2015-01-14,0,0.0
379,1/15/15,2015-01-15,0,0.0
380,1/16/15,2015-01-16,0,0.0
381,1/17/15,2015-01-17,0,0.0
382,1/18/15,2015-01-18,0,0.0
383,1/19/15,2015-01-19,2015-01-19,1.0
384,1/20/15,2015-01-20,2015-01-20,1.0
385,1/21/15,2015-01-21,0,0.0
386,1/22/15,2015-01-22,0,0.0
387,1/23/15,2015-01-23,2015-01-23,1.0
388,1/24/15,2015-01-24,2015-01-24,2.0
389,1/25/15,2015-01-25,0,0.0
390,1/26/15,2015-01-26,2015-01-26,1.0
391,1/27/15,2015-01-27,0,0.0
392,1/28/15,2015-01-28,2015-01-28,1.0
393,1/29/15,2015-01-29,0,0.0
394,1/30/15,2015-01-30,0,0.0
395,1/31/15,2015-01-31,2015-01-31,1.0
396,2/1/15,2015-02-01,2015-02-01,2.0
397,2/2/15,2015-02-02,0,0.0
398,2/3/15,2015-02-03,0,0.0
399,2/4/15,2015-02-04,0,0.0
400,2/5/15,2015-02-05,2015-02-05,1.0
401,2/6/15,2015-02-06,2015-02-06,1.0
402,2/7/15,2015-02-07,2015-02-07,1.0
403,2/8/15,2015-02-08,2015-02-08,1.0
404,2/9/15,2015-02-09,2015-02-09,1.0
405,2/10/15,2015-02-10,0,0.0
406,2/11/15,2015-02-11,0,0.0
407,2/12/15,2015-02-12,0,0.0
408,2/13/15,2015-02-13,0,0.0
409,2/14/15,2015-02-14,0,0.0
410,2/15/15,2015-02-15,2015-02-15,1.0
411,2/16/15,2015-02-16,0,0.0
412,2/17/15,2015-02-17,2015-02-17,1.0
413,2/18/15,2015-02-18,0,0.0
414,2/19/15,2015-02-19,0,0.0
415,2/20/15,2015-02-20,2015-02-20,1.0
416,2/21/15,2015-02-21,0,0.0
417,2/22/15,2015-02-22,2015-02-22,3.0
418,2/23/15,2015-02-23,2015-02-23,1.0
419,2/24/15,2015-02-24,0,0.0
420,2/25/15,2015-02-25,2015-02-25,1.0
421,2/26/15,2015-02-26,2015-02-26,1.0
422,2/27/15,2015-02-27,0,0.0
423,2/28/15,2015-02-28,2015-02-28,1.0
424,3/1/15,2015-03-01,2015-03-01,2.0
425,3/2/15,2015-03-02,0,0.0
426,3/3/15,2015-03-03,0,0.0
427,3/4/15,2015-03-04,2015-03-04,1.0
428,3/5/15,2015-03-05,0,0.0
429,3/6/15,2015-03-06,0,0.0
430,3/7/15,2015-03-07,2015-03-07,1.0
431,3/8/15,2015-03-08,2015-03-08,1.0
432,3/9/15,2015-03-09,2015-03-09,1.0
433,3/10/15,2015-03-10,2015-03-10,1.0
434,3/11/15,2015-03-11,0,0.0
435,3/12/15,2015-03-12,0,0.0
436,3/13/15,2015-03-13,2015-03-13,1.0
437,3/14/15,2015-03-14,2015-03-14,2.0
438,3/15/15,2015-03-15,2015-03-15,1.0
439,3/16/15,2015-03-16,0,0.0
440,3/17/15,2015-03-17,2015-03-17,1.0
441,3/18/15,2015-03-18,2015-03-18,2.0
442,3/19/15,2015-03-19,0,0.0
443,3/20/15,2015-03-20,2015-03-20,1.0
444,3/21/15,2015-03-21,2015-03-21,1.0
445,3/22/15,2015-03-22,2015-03-22,1.0
446,3/23/15,2015-03-23,2015-03-23,1.0
447,3/24/15,2015-03-24,2015-03-24,1.0
448,3/25/15,2015-03-25,0,0.0
449,3/26/15,2015-03-26,2015-03-26,1.0
450,3/27/15,2015-03-27,2015-03-27,1.0
451,3/28/15,2015-03-28,0,0.0
452,3/29/15,2015-03-29,0,0.0
453,3/30/15,2015-03-30,0,0.0
454,3/31/15,2015-03-31,0,0.0
455,4/1/15,2015-04-01,0,0.0
456,4/2/15,2015-04-02,2015-04-02,1.0
457,4/3/15,2015-04-03,2015-04-03,1.0
458,4/4/15,2015-04-04,0,0.0
459,4/5/15,2015-04-05,2015-04-05,4.0
460,4/6/15,2015-04-06,0,0.0
461,4/7/15,2015-04-07,2015-04-07,1.0
462,4/8/15,2015-04-08,0,0.0
463,4/9/15,2015-04-09,0,0.0
464,4/10/15,2015-04-10,0,0.0
465,4/11/15,2015-04-11,0,0.0
466,4/12/15,2015-04-12,0,0.0
467,4/13/15,2015-04-13,0,0.0
468,4/14/15,2015-04-14,0,0.0
469,4/15/15,2015-04-15,0,0.0
470,4/16/15,2015-04-16,2015-04-16,1.0
471,4/17/15,2015-04-17,0,0.0
472,4/18/15,2015-04-18,2015-04-18,5.0
473,4/19/15,2015-04-19,2015-04-19,1.0
474,4/20/15,2015-04-20,0,0.0
475,4/21/15,2015-04-21,2015-04-21,1.0
476,4/22/15,2015-04-22,0,0.0
477,4/23/15,2015-04-23,0,0.0
478,4/24/15,2015-04-24,0,0.0
479,4/25/15,2015-04-25,2015-04-25,2.0
480,4/26/15,2015-04-26,0,0.0
481,4/27/15,2015-04-27,2015-04-27,2.0
482,4/28/15,2015-04-28,0,0.0
483,4/29/15,2015-04-29,0,0.0
484,4/30/15,2015-04-30,0,0.0
485,5/1/15,2015-05-01,2015-05-01,1.0
486,5/2/15,2015-05-02,0,0.0
487,5/3/15,2015-05-03,2015-05-03,5.0
488,5/4/15,2015-05-04,2015-05-04,1.0
489,5/5/15,2015-05-05,0,0.0
490,5/6/15,2015-05-06,0,0.0
491,5/7/15,2015-05-07,2015-05-07,2.0
492,5/8/15,2015-05-08,0,0.0
493,5/9/15,2015-05-09,0,0.0
494,5/10/15,2015-05-10,2015-05-10,3.0
495,5/11/15,2015-05-11,0,0.0
496,5/12/15,2015-05-12,2015-05-12,2.0
497,5/13/15,2015-05-13,0,0.0
498,5/14/15,2015-05-14,0,0.0
499,5/15/15,2015-05-15,0,0.0
500,5/16/15,2015-05-16,2015-05-16,3.0
501,5/17/15,2015-05-17,2015-05-17,1.0
502,5/18/15,2015-05-18,2015-05-18,2.0
503,5/19/15,2015-05-19,0,0.0
504,5/20/15,2015-05-20,2015-05-20,1.0
505,5/21/15,2015-05-21,0,0.0
506,5/22/15,2015-05-22,0,0.0
507,5/23/15,2015-05-23,2015-05-23,1.0
508,5/24/15,2015-05-24,2015-05-24,4.0
509,5/25/15,2015-05-25,2015-05-25,1.0
510,5/26/15,2015-05-26,2015-05-26,1.0
511,5/27/15,2015-05-27,0,0.0
512,5/28/15,2015-05-28,2015-05-28,3.0
513,5/29/15,2015-05-29,0,0.0
514,5/30/15,2015-05-30,2015-05-30,1.0
515,5/31/15,2015-05-31,2015-05-31,4.0
516,6/1/15,2015-06-01,0,0.0
517,6/2/15,2015-06-02,0,0.0
518,6/3/15,2015-06-03,2015-06-03,1.0
519,6/4/15,2015-06-04,0,0.0
520,6/5/15,2015-06-05,2015-06-05,2.0
521,6/6/15,2015-06-06,2015-06-06,2.0
522,6/7/15,2015-06-07,2015-06-07,1.0
523,6/8/15,2015-06-08,0,0.0
524,6/9/15,2015-06-09,2015-06-09,1.0
525,6/10/15,2015-06-10,2015-06-10,1.0
526,6/11/15,2015-06-11,2015-06-11,2.0
527,6/12/15,2015-06-12,2015-06-12,1.0
528,6/13/15,2015-06-13,2015-06-13,5.0
529,6/14/15,2015-06-14,2015-06-14,3.0
530,6/15/15,2015-06-15,2015-06-15,1.0
531,6/16/15,2015-06-16,2015-06-16,1.0
532,6/17/15,2015-06-17,2015-06-17,1.0
533,6/18/15,2015-06-18,0,0.0
534,6/19/15,2015-06-19,2015-06-19,1.0
535,6/20/15,2015-06-20,2015-06-20,3.0
536,6/21/15,2015-06-21,2015-06-21,2.0
537,6/22/15,2015-06-22,2015-06-22,1.0
538,6/23/15,2015-06-23,0,0.0
539,6/24/15,2015-06-24,2015-06-24,1.0
540,6/25/15,2015-06-25,0,0.0
541,6/26/15,2015-06-26,0,0.0
542,6/27/15,2015-06-27,2015-06-27,2.0
543,6/28/15,2015-06-28,2015-06-28,3.0
544,6/29/15,2015-06-29,2015-06-29,1.0
545,6/30/15,2015-06-30,0,0.0
546,7/1/15,2015-07-01,0,0.0
547,7/2/15,2015-07-02,2015-07-02,1.0
548,7/3/15,2015-07-03,0,0.0
549,7/4/15,2015-07-04,2015-07-04,5.0
550,7/5/15,2015-07-05,2015-07-05,3.0
551,7/6/15,2015-07-06,0,0.0
552,7/7/15,2015-07-07,2015-07-07,2.0
553,7/8/15,2015-07-08,0,0.0
554,7/9/15,2015-07-09,0,0.0
555,7/10/15,2015-07-10,0,0.0
556,7/11/15,2015-07-11,0,0.0
557,7/12/15,2015-07-12,2015-07-12,2.0
558,7/13/15,2015-07-13,2015-07-13,2.0
559,7/14/15,2015-07-14,2015-07-14,1.0
560,7/15/15,2015-07-15,2015-07-15,5.0
561,7/16/15,2015-07-16,2015-07-16,2.0
562,7/17/15,2015-07-17,2015-07-17,2.0
563,7/18/15,2015-07-18,2015-07-18,4.0
564,7/19/15,2015-07-19,2015-07-19,3.0
565,7/20/15,2015-07-20,2015-07-20,1.0
566,7/21/15,2015-07-21,2015-07-21,1.0
567,7/22/15,2015-07-22,2015-07-22,1.0
568,7/23/15,2015-07-23,2015-07-23,1.0
569,7/24/15,2015-07-24,2015-07-24,1.0
570,7/25/15,2015-07-25,2015-07-25,1.0
571,7/26/15,2015-07-26,2015-07-26,2.0
572,7/27/15,2015-07-27,2015-07-27,1.0
573,7/28/15,2015-07-28,0,0.0
574,7/29/15,2015-07-29,0,0.0
575,7/30/15,2015-07-30,2015-07-30,1.0
576,7/31/15,2015-07-31,0,0.0
577,8/1/15,2015-08-01,2015-08-01,1.0
578,8/2/15,2015-08-02,2015-08-02,5.0
579,8/3/15,2015-08-03,2015-08-03,1.0
580,8/4/15,2015-08-04,2015-08-04,1.0
581,8/5/15,2015-08-05,0,0.0
582,8/6/15,2015-08-06,2015-08-06,1.0
583,8/7/15,2015-08-07,2015-08-07,1.0
584,8/8/15,2015-08-08,2015-08-08,3.0
585,8/9/15,2015-08-09,2015-08-09,3.0
586,8/10/15,2015-08-10,2015-08-10,1.0
587,8/11/15,2015-08-11,0,0.0
588,8/12/15,2015-08-12,0,0.0
589,8/13/15,2015-08-13,0,0.0
590,8/14/15,2015-08-14,0,0.0
591,8/15/15,2015-08-15,2015-08-15,3.0
592,8/16/15,2015-08-16,2015-08-16,3.0
593,8/17/15,2015-08-17,0,0.0
594,8/18/15,2015-08-18,0,0.0
595,8/19/15,2015-08-19,2015-08-19,1.0
596,8/20/15,2015-08-20,2015-08-20,1.0
597,8/21/15,2015-08-21,2015-08-21,2.0
598,8/22/15,2015-08-22,2015-08-22,2.0
599,8/23/15,2015-08-23,2015-08-23,1.0
600,8/24/15,2015-08-24,0,0.0
601,8/25/15,2015-08-25,2015-08-25,1.0
602,8/26/15,2015-08-26,2015-08-26,3.0
603,8/27/15,2015-08-27,2015-08-27,1.0
604,8/28/15,2015-08-28,2015-08-28,1.0
605,8/29/15,2015-08-29,2015-08-29,2.0
606,8/30/15,2015-08-30,2015-08-30,1.0
607,8/31/15,2015-08-31,0,0.0
608,9/1/15,2015-09-01,0,0.0
609,9/2/15,2015-09-02,0,0.0
610,9/3/15,2015-09-03,0,0.0
611,9/4/15,2015-09-04,0,0.0
612,9/5/15,2015-09-05,2015-09-05,4.0
613,9/6/15,2015-09-06,0,0.0
614,9/7/15,2015-09-07,2015-09-07,2.0
615,9/8/15,2015-09-08,2015-09-08,2.0
616,9/9/15,2015-09-09,0,0.0
617,9/10/15,2015-09-10,2015-09-10,1.0
618,9/11/15,2015-09-11,2015-09-11,1.0
619,9/12/15,2015-09-12,2015-09-12,4.0
620,9/13/15,2015-09-13,2015-09-13,1.0
621,9/14/15,2015-09-14,0,0.0
622,9/15/15,2015-09-15,2015-09-15,1.0
623,9/16/15,2015-09-16,0,0.0
624,9/17/15,2015-09-17,2015-09-17,2.0
625,9/18/15,2015-09-18,0,0.0
626,9/19/15,2015-09-19,2015-09-19,1.0
627,9/20/15,2015-09-20,2015-09-20,3.0
628,9/21/15,2015-09-21,0,0.0
629,9/22/15,2015-09-22,0,0.0
630,9/23/15,2015-09-23,2015-09-23,3.0
631,9/24/15,2015-09-24,2015-09-24,1.0
632,9/25/15,2015-09-25,2015-09-25,1.0
633,9/26/15,2015-09-26,0,0.0
634,9/27/15,2015-09-27,2015-09-27,3.0
635,9/28/15,2015-09-28,2015-09-28,4.0
636,9/29/15,2015-09-29,0,0.0
637,9/30/15,2015-09-30,0,0.0
638,10/1/15,2015-10-01,2015-10-01,1.0
639,10/2/15,2015-10-02,2015-10-02,1.0
640,10/3/15,2015-10-03,0,0.0
641,10/4/15,2015-10-04,0,0.0
642,10/5/15,2015-10-05,0,0.0
643,10/6/15,2015-10-06,2015-10-06,1.0
644,10/7/15,2015-10-07,0,0.0
645,10/8/15,2015-10-08,0,0.0
646,10/9/15,2015-10-09,2015-10-09,1.0
647,10/10/15,2015-10-10,2015-10-10,3.0
648,10/11/15,2015-10-11,0,0.0
649,10/12/15,2015-10-12,2015-10-12,1.0
650,10/13/15,2015-10-13,0,0.0
651,10/14/15,2015-10-14,0,0.0
652,10/15/15,2015-10-15,0,0.0
653,10/16/15,2015-10-16,0,0.0
654,10/17/15,2015-10-17,2015-10-17,2.0
655,10/18/15,2015-10-18,2015-10-18,1.0
656,10/19/15,2015-10-19,2015-10-19,1.0
657,10/20/15,2015-10-20,0,0.0
658,10/21/15,2015-10-21,0,0.0
659,10/22/15,2015-10-22,2015-10-22,1.0
660,10/23/15,2015-10-23,0,0.0
661,10/24/15,2015-10-24,2015-10-24,1.0
662,10/25/15,2015-10-25,2015-10-25,3.0
663,10/26/15,2015-10-26,2015-10-26,1.0
664,10/27/15,2015-10-27,2015-10-27,1.0
665,10/28/15,2015-10-28,2015-10-28,1.0
666,10/29/15,2015-10-29,0,0.0
667,10/30/15,2015-10-30,0,0.0
668,10/31/15,2015-10-31,0,0.0
669,11/1/15,2015-11-01,0,0.0
670,11/2/15,2015-11-02,2015-11-02,1.0
671,11/3/15,2015-11-03,2015-11-03,1.0
672,11/4/15,2015-11-04,0,0.0
673,11/5/15,2015-11-05,0,0.0
674,11/6/15,2015-11-06,2015-11-06,1.0
675,11/7/15,2015-11-07,2015-11-07,1.0
676,11/8/15,2015-11-08,2015-11-08,2.0
677,11/9/15,2015-11-09,2015-11-09,1.0
678,11/10/15,2015-11-10,0,0.0
679,11/11/15,2015-11-11,0,0.0
680,11/12/15,2015-11-12,0,0.0
681,11/13/15,2015-11-13,2015-11-13,1.0
682,11/14/15,2015-11-14,2015-11-14,1.0
683,11/15/15,2015-11-15,2015-11-15,2.0
684,11/16/15,2015-11-16,2015-11-16,1.0
685,11/17/15,2015-11-17,0,0.0
686,11/18/15,2015-11-18,2015-11-18,1.0
687,11/19/15,2015-11-19,0,0.0
688,11/20/15,2015-11-20,2015-11-20,1.0
689,11/21/15,2015-11-21,2015-11-21,1.0
690,11/22/15,2015-11-22,2015-11-22,6.0
691,11/23/15,2015-11-23,2015-11-23,2.0
692,11/24/15,2015-11-24,2015-11-24,1.0
693,11/25/15,2015-11-25,0,0.0
694,11/26/15,2015-11-26,0,0.0
695,11/27/15,2015-11-27,2015-11-27,2.0
696,11/28/15,2015-11-28,0,0.0
697,11/29/15,2015-11-29,2015-11-29,1.0
698,11/30/15,2015-11-30,0,0.0
699,12/1/15,2015-12-01,0,0.0
700,12/2/15,2015-12-02,2015-12-02,2.0
701,12/3/15,2015-12-03,0,0.0
702,12/4/15,2015-12-04,0,0.0
703,12/5/15,2015-12-05,0,0.0
704,12/6/15,2015-12-06,2015-12-06,2.0
705,12/7/15,2015-12-07,0,0.0
706,12/8/15,2015-12-08,2015-12-08,1.0
707,12/9/15,2015-12-09,0,0.0
708,12/10/15,2015-12-10,0,0.0
709,12/11/15,2015-12-11,2015-12-11,2.0
710,12/12/15,2015-12-12,2015-12-12,2.0
711,12/13/15,2015-12-13,2015-12-13,2.0
712,12/14/15,2015-12-14,0,0.0
713,12/15/15,2015-12-15,0,0.0
714,12/16/15,2015-12-16,0,0.0
715,12/17/15,2015-12-17,0,0.0
716,12/18/15,2015-12-18,0,0.0
717,12/19/15,2015-12-19,0,0.0
718,12/20/15,2015-12-20,2015-12-20,3.0
719,12/21/15,2015-12-21,2015-12-21,1.0
720,12/22/15,2015-12-22,0,0.0
721,12/23/15,2015-12-23,0,0.0
722,12/24/15,2015-12-24,0,0.0
723,12/25/15,2015-12-25,2015-12-25,2.0
724,12/26/15,2015-12-26,2015-12-26,1.0
725,12/27/15,2015-12-27,2015-12-27,1.0
726,12/28/15,2015-12-28,0,0.0
727,12/29/15,2015-12-29,0,0.0
728,12/30/15,2015-12-30,0,0.0
729,12/31/15,2015-12-31,2015-12-31,1.0
730,1/1/16,2016-01-01,0,0.0
731,1/2/16,2016-01-02,0,0.0
732,1/3/16,2016-01-03,0,0.0
733,1/4/16,2016-01-04,0,0.0
734,1/5/16,2016-01-05,0,0.0
735,1/6/16,2016-01-06,2016-01-06,1.0
736,1/7/16,2016-01-07,2016-01-07,1.0
737,1/8/16,2016-01-08,2016-01-08,2.0
738,1/9/16,2016-01-09,0,0.0
739,1/10/16,2016-01-10,0,0.0
740,1/11/16,2016-01-11,2016-01-11,1.0
741,1/12/16,2016-01-12,0,0.0
742,1/13/16,2016-01-13,0,0.0
743,1/14/16,2016-01-14,0,0.0
744,1/15/16,2016-01-15,0,0.0
745,1/16/16,2016-01-16,0,0.0
746,1/17/16,2016-01-17,2016-01-17,1.0
747,1/18/16,2016-01-18,0,0.0
748,1/19/16,2016-01-19,0,0.0
749,1/20/16,2016-01-20,0,0.0
750,1/21/16,2016-01-21,0,0.0
751,1/22/16,2016-01-22,0,0.0
752,1/23/16,2016-01-23,2016-01-23,1.0
753,1/24/16,2016-01-24,0,0.0
754,1/25/16,2016-01-25,2016-01-25,1.0
755,1/26/16,2016-01-26,2016-01-26,1.0
756,1/27/16,2016-01-27,2016-01-27,1.0
757,1/28/16,2016-01-28,0,0.0
758,1/29/16,2016-01-29,0,0.0
759,1/30/16,2016-01-30,2016-01-30,1.0
760,1/31/16,2016-01-31,0,0.0
761,2/1/16,2016-02-01,0,0.0
762,2/2/16,2016-02-02,0,0.0
763,2/3/16,2016-02-03,2016-02-03,1.0
764,2/4/16,2016-02-04,0,0.0
765,2/5/16,2016-02-05,0,0.0
766,2/6/16,2016-02-06,2016-02-06,3.0
767,2/7/16,2016-02-07,2016-02-07,4.0
768,2/8/16,2016-02-08,0,0.0
769,2/9/16,2016-02-09,0,0.0
770,2/10/16,2016-02-10,0,0.0
771,2/11/16,2016-02-11,0,0.0
772,2/12/16,2016-02-12,0,0.0
773,2/13/16,2016-02-13,2016-02-13,1.0
774,2/14/16,2016-02-14,2016-02-14,2.0
775,2/15/16,2016-02-15,0,0.0
776,2/16/16,2016-02-16,0,0.0
777,2/17/16,2016-02-17,0,0.0
778,2/18/16,2016-02-18,0,0.0
779,2/19/16,2016-02-19,2016-02-19,2.0
780,2/20/16,2016-02-20,2016-02-20,5.0
781,2/21/16,2016-02-21,2016-02-21,2.0
782,2/22/16,2016-02-22,0,0.0
783,2/23/16,2016-02-23,2016-02-23,2.0
784,2/24/16,2016-02-24,0,0.0
785,2/25/16,2016-02-25,2016-02-25,1.0
786,2/26/16,2016-02-26,2016-02-26,1.0
787,2/27/16,2016-02-27,2016-02-27,1.0
788,2/28/16,2016-02-28,2016-02-28,2.0
789,2/29/16,2016-02-29,0,0.0
790,3/1/16,2016-03-01,0,0.0
791,3/2/16,2016-03-02,0,0.0
792,3/3/16,2016-03-03,0,0.0
793,3/4/16,2016-03-04,2016-03-04,1.0
794,3/5/16,2016-03-05,2016-03-05,1.0
795,3/6/16,2016-03-06,2016-03-06,3.0
796,3/7/16,2016-03-07,2016-03-07,2.0
797,3/8/16,2016-03-08,2016-03-08,1.0
798,3/9/16,2016-03-09,2016-03-09,1.0
799,3/10/16,2016-03-10,0,0.0
800,3/11/16,2016-03-11,2016-03-11,2.0
801,3/12/16,2016-03-12,2016-03-12,2.0
802,3/13/16,2016-03-13,2016-03-13,1.0
803,3/14/16,2016-03-14,0,0.0
804,3/15/16,2016-03-15,2016-03-15,1.0
805,3/16/16,2016-03-16,0,0.0
806,3/17/16,2016-03-17,0,0.0
807,3/18/16,2016-03-18,0,0.0
808,3/19/16,2016-03-19,2016-03-19,2.0
809,3/20/16,2016-03-20,0,0.0
810,3/21/16,2016-03-21,2016-03-21,1.0
811,3/22/16,2016-03-22,0,0.0
812,3/23/16,2016-03-23,0,0.0
813,3/24/16,2016-03-24,0,0.0
814,3/25/16,2016-03-25,2016-03-25,2.0
815,3/26/16,2016-03-26,0,0.0
816,3/27/16,2016-03-27,0,0.0
817,3/28/16,2016-03-28,0,0.0
818,3/29/16,2016-03-29,0,0.0
819,3/30/16,2016-03-30,0,0.0
820,3/31/16,2016-03-31,2016-03-31,1.0
821,4/1/16,2016-04-01,0,0.0
822,4/2/16,2016-04-02,0,0.0
823,4/3/16,2016-04-03,0,0.0
824,4/4/16,2016-04-04,0,0.0
825,4/5/16,2016-04-05,0,0.0
826,4/6/16,2016-04-06,0,0.0
827,4/7/16,2016-04-07,2016-04-07,1.0
828,4/8/16,2016-04-08,0,0.0
829,4/9/16,2016-04-09,2016-04-09,3.0
830,4/10/16,2016-04-10,2016-04-10,2.0
831,4/11/16,2016-04-11,0,0.0
832,4/12/16,2016-04-12,0,0.0
833,4/13/16,2016-04-13,0,0.0
834,4/14/16,2016-04-14,0,0.0
835,4/15/16,2016-04-15,0,0.0
836,4/16/16,2016-04-16,2016-04-16,3.0
837,4/17/16,2016-04-17,2016-04-17,3.0
838,4/18/16,2016-04-18,2016-04-18,1.0
839,4/19/16,2016-04-19,2016-04-19,3.0
840,4/20/16,2016-04-20,0,0.0
841,4/21/16,2016-04-21,2016-04-21,1.0
842,4/22/16,2016-04-22,2016-04-22,2.0
843,4/23/16,2016-04-23,2016-04-23,4.0
844,4/24/16,2016-04-24,2016-04-24,3.0
845,4/25/16,2016-04-25,2016-04-25,2.0
846,4/26/16,2016-04-26,2016-04-26,1.0
847,4/27/16,2016-04-27,2016-04-27,2.0
848,4/28/16,2016-04-28,0,0.0
849,4/29/16,2016-04-29,2016-04-29,2.0
850,4/30/16,2016-04-30,0,0.0
851,5/1/16,2016-05-01,2016-05-01,1.0
852,5/2/16,2016-05-02,0,0.0
853,5/3/16,2016-05-03,0,0.0
854,5/4/16,2016-05-04,2016-05-04,1.0
855,5/5/16,2016-05-05,2016-05-05,2.0
856,5/6/16,2016-05-06,2016-05-06,3.0
857,5/7/16,2016-05-07,0,0.0
858,5/8/16,2016-05-08,2016-05-08,1.0
859,5/9/16,2016-05-09,0,0.0
860,5/10/16,2016-05-10,0,0.0
861,5/11/16,2016-05-11,2016-05-11,2.0
862,5/12/16,2016-05-12,0,0.0
863,5/13/16,2016-05-13,0,0.0
864,5/14/16,2016-05-14,2016-05-14,2.0
865,5/15/16,2016-05-15,2016-05-15,2.0
866,5/16/16,2016-05-16,0,0.0
867,5/17/16,2016-05-17,2016-05-17,1.0
868,5/18/16,2016-05-18,2016-05-18,1.0
869,5/19/16,2016-05-19,0,0.0
870,5/20/16,2016-05-20,0,0.0
871,5/21/16,2016-05-21,2016-05-21,1.0
872,5/22/16,2016-05-22,2016-05-22,3.0
873,5/23/16,2016-05-23,2016-05-23,1.0
874,5/24/16,2016-05-24,0,0.0
875,5/25/16,2016-05-25,0,0.0
876,5/26/16,2016-05-26,0,0.0
877,5/27/16,2016-05-27,0,0.0
878,5/28/16,2016-05-28,0,0.0
879,5/29/16,2016-05-29,2016-05-29,4.0
880,5/30/16,2016-05-30,2016-05-30,2.0
881,5/31/16,2016-05-31,2016-05-31,2.0
882,6/1/16,2016-06-01,0,0.0
883,6/2/16,2016-06-02,0,0.0
884,6/3/16,2016-06-03,0,0.0
885,6/4/16,2016-06-04,2016-06-04,1.0
886,6/5/16,2016-06-05,2016-06-05,4.0
887,6/6/16,2016-06-06,2016-06-06,1.0
888,6/7/16,2016-06-07,0,0.0
889,6/8/16,2016-06-08,2016-06-08,2.0
890,6/9/16,2016-06-09,2016-06-09,1.0
891,6/10/16,2016-06-10,0,0.0
892,6/11/16,2016-06-11,2016-06-11,5.0
893,6/12/16,2016-06-12,2016-06-12,1.0
894,6/13/16,2016-06-13,2016-06-13,3.0
895,6/14/16,2016-06-14,2016-06-14,2.0
896,6/15/16,2016-06-15,0,0.0
897,6/16/16,2016-06-16,0,0.0
898,6/17/16,2016-06-17,0,0.0
899,6/18/16,2016-06-18,2016-06-18,3.0
900,6/19/16,2016-06-19,2016-06-19,1.0
901,6/20/16,2016-06-20,0,0.0
902,6/21/16,2016-06-21,2016-06-21,2.0
903,6/22/16,2016-06-22,2016-06-22,3.0
904,6/23/16,2016-06-23,0,0.0
905,6/24/16,2016-06-24,2016-06-24,3.0
906,6/25/16,2016-06-25,2016-06-25,3.0
907,6/26/16,2016-06-26,2016-06-26,5.0
908,6/27/16,2016-06-27,2016-06-27,1.0
909,6/28/16,2016-06-28,2016-06-28,2.0
910,6/29/16,2016-06-29,2016-06-29,1.0
911,6/30/16,2016-06-30,2016-06-30,1.0
912,7/1/16,2016-07-01,0,0.0
913,7/2/16,2016-07-02,0,0.0
914,7/3/16,2016-07-03,2016-07-03,2.0
915,7/4/16,2016-07-04,2016-07-04,6.0
916,7/5/16,2016-07-05,2016-07-05,1.0
917,7/6/16,2016-07-06,0,0.0
918,7/7/16,2016-07-07,2016-07-07,3.0
919,7/8/16,2016-07-08,0,0.0
920,7/9/16,2016-07-09,0,0.0
921,7/10/16,2016-07-10,0,0.0
922,7/11/16,2016-07-11,2016-07-11,4.0
923,7/12/16,2016-07-12,0,0.0
924,7/13/16,2016-07-13,2016-07-13,2.0
925,7/14/16,2016-07-14,2016-07-14,3.0
926,7/15/16,2016-07-15,2016-07-15,1.0
927,7/16/16,2016-07-16,2016-07-16,5.0
928,7/17/16,2016-07-17,2016-07-17,3.0
929,7/18/16,2016-07-18,0,0.0
930,7/19/16,2016-07-19,2016-07-19,1.0
931,7/20/16,2016-07-20,2016-07-20,1.0
932,7/21/16,2016-07-21,2016-07-21,1.0
933,7/22/16,2016-07-22,2016-07-22,1.0
934,7/23/16,2016-07-23,2016-07-23,4.0
935,7/24/16,2016-07-24,2016-07-24,1.0
936,7/25/16,2016-07-25,2016-07-25,1.0
937,7/26/16,2016-07-26,0,0.0
938,7/27/16,2016-07-27,0,0.0
939,7/28/16,2016-07-28,2016-07-28,3.0
940,7/29/16,2016-07-29,2016-07-29,1.0
941,7/30/16,2016-07-30,2016-07-30,3.0
942,7/31/16,2016-07-31,2016-07-31,2.0
943,8/1/16,2016-08-01,2016-08-01,1.0
944,8/2/16,2016-08-02,2016-08-02,1.0
945,8/3/16,2016-08-03,2016-08-03,1.0
946,8/4/16,2016-08-04,2016-08-04,1.0
947,8/5/16,2016-08-05,2016-08-05,2.0
948,8/6/16,2016-08-06,2016-08-06,1.0
949,8/7/16,2016-08-07,2016-08-07,4.0
950,8/8/16,2016-08-08,2016-08-08,2.0
951,8/9/16,2016-08-09,0,0.0
952,8/10/16,2016-08-10,2016-08-10,2.0
953,8/11/16,2016-08-11,2016-08-11,1.0
954,8/12/16,2016-08-12,2016-08-12,2.0
955,8/13/16,2016-08-13,2016-08-13,4.0
956,8/14/16,2016-08-14,2016-08-14,2.0
957,8/15/16,2016-08-15,0,0.0
958,8/16/16,2016-08-16,0,0.0
959,8/17/16,2016-08-17,2016-08-17,1.0
960,8/18/16,2016-08-18,2016-08-18,1.0
961,8/19/16,2016-08-19,0,0.0
962,8/20/16,2016-08-20,2016-08-20,3.0
963,8/21/16,2016-08-21,2016-08-21,2.0
964,8/22/16,2016-08-22,0,0.0
965,8/23/16,2016-08-23,0,0.0
966,8/24/16,2016-08-24,0,0.0
967,8/25/16,2016-08-25,2016-08-25,1.0
968,8/26/16,2016-08-26,0,0.0
969,8/27/16,2016-08-27,2016-08-27,2.0
970,8/28/16,2016-08-28,2016-08-28,4.0
971,8/29/16,2016-08-29,2016-08-29,2.0
972,8/30/16,2016-08-30,2016-08-30,2.0
973,8/31/16,2016-08-31,0,0.0
974,9/1/16,2016-09-01,0,0.0
975,9/2/16,2016-09-02,0,0.0
976,9/3/16,2016-09-03,2016-09-03,2.0
977,9/4/16,2016-09-04,2016-09-04,1.0
978,9/5/16,2016-09-05,2016-09-05,2.0
979,9/6/16,2016-09-06,0,0.0
980,9/7/16,2016-09-07,0,0.0
981,9/8/16,2016-09-08,2016-09-08,2.0
982,9/9/16,2016-09-09,0,0.0
983,9/10/16,2016-09-10,2016-09-10,1.0
984,9/11/16,2016-09-11,2016-09-11,6.0
985,9/12/16,2016-09-12,0,0.0
986,9/13/16,2016-09-13,2016-09-13,1.0
987,9/14/16,2016-09-14,2016-09-14,1.0
988,9/15/16,2016-09-15,0,0.0
989,9/16/16,2016-09-16,2016-09-16,2.0
990,9/17/16,2016-09-17,2016-09-17,4.0
991,9/18/16,2016-09-18,2016-09-18,3.0
992,9/19/16,2016-09-19,0,0.0
993,9/20/16,2016-09-20,0,0.0
994,9/21/16,2016-09-21,0,0.0
995,9/22/16,2016-09-22,0,0.0
996,9/23/16,2016-09-23,2016-09-23,1.0
997,9/24/16,2016-09-24,2016-09-24,1.0
998,9/25/16,2016-09-25,2016-09-25,1.0
999,9/26/16,2016-09-26,2016-09-26,3.0
1000,9/27/16,2016-09-27,0,0.0
1001,9/28/16,2016-09-28,0,0.0
1002,9/29/16,2016-09-29,2016-09-29,1.0
1003,9/30/16,2016-09-30,0,0.0
1004,10/1/16,2016-10-01,2016-10-01,2.0
1005,10/2/16,2016-10-02,2016-10-02,1.0
1006,10/3/16,2016-10-03,2016-10-03,1.0
1007,10/4/16,2016-10-04,2016-10-04,1.0
1008,10/5/16,2016-10-05,0,0.0
1009,10/6/16,2016-10-06,0,0.0
1010,10/7/16,2016-10-07,0,0.0
1011,10/8/16,2016-10-08,2016-10-08,1.0
1012,10/9/16,2016-10-09,2016-10-09,2.0
1013,10/10/16,2016-10-10,0,0.0
1014,10/11/16,2016-10-11,0,0.0
1015,10/12/16,2016-10-12,0,0.0
1016,10/13/16,2016-10-13,2016-10-13,1.0
1017,10/14/16,2016-10-14,2016-10-14,1.0
1018,10/15/16,2016-10-15,2016-10-15,3.0
1019,10/16/16,2016-10-16,0,0.0
1020,10/17/16,2016-10-17,2016-10-17,1.0
1021,10/18/16,2016-10-18,2016-10-18,1.0
1022,10/19/16,2016-10-19,0,0.0
1023,10/20/16,2016-10-20,0,0.0
1024,10/21/16,2016-10-21,0,0.0
1025,10/22/16,2016-10-22,2016-10-22,1.0
1026,10/23/16,2016-10-23,2016-10-23,1.0
1027,10/24/16,2016-10-24,0,0.0
1028,10/25/16,2016-10-25,2016-10-25,2.0
1029,10/26/16,2016-10-26,0,0.0
1030,10/27/16,2016-10-27,2016-10-27,1.0
1031,10/28/16,2016-10-28,2016-10-28,2.0
1032,10/29/16,2016-10-29,2016-10-29,3.0
1033,10/30/16,2016-10-30,2016-10-30,5.0
1034,10/31/16,2016-10-31,2016-10-31,1.0
1035,11/1/16,2016-11-01,2016-11-01,1.0
1036,11/2/16,2016-11-02,2016-11-02,1.0
1037,11/3/16,2016-11-03,2016-11-03,2.0
1038,11/4/16,2016-11-04,2016-11-04,1.0
1039,11/5/16,2016-11-05,2016-11-05,5.0
1040,11/6/16,2016-11-06,0,0.0
1041,11/7/16,2016-11-07,0,0.0
1042,11/8/16,2016-11-08,0,0.0
1043,11/9/16,2016-11-09,2016-11-09,3.0
1044,11/10/16,2016-11-10,2016-11-10,1.0
1045,11/11/16,2016-11-11,2016-11-11,1.0
1046,11/12/16,2016-11-12,2016-11-12,3.0
1047,11/13/16,2016-11-13,2016-11-13,4.0
1048,11/14/16,2016-11-14,0,0.0
1049,11/15/16,2016-11-15,0,0.0
1050,11/16/16,2016-11-16,0,0.0
1051,11/17/16,2016-11-17,2016-11-17,1.0
1052,11/18/16,2016-11-18,2016-11-18,1.0
1053,11/19/16,2016-11-19,0,0.0
1054,11/20/16,2016-11-20,0,0.0
1055,11/21/16,2016-11-21,0,0.0
1056,11/22/16,2016-11-22,2016-11-22,1.0
1057,11/23/16,2016-11-23,2016-11-23,1.0
1058,11/24/16,2016-11-24,2016-11-24,2.0
1059,11/25/16,2016-11-25,2016-11-25,1.0
1060,11/26/16,2016-11-26,2016-11-26,1.0
1061,11/27/16,2016-11-27,2016-11-27,2.0
1062,11/28/16,2016-11-28,2016-11-28,3.0
1063,11/29/16,2016-11-29,0,0.0
1064,11/30/16,2016-11-30,2016-11-30,1.0
1065,12/1/16,2016-12-01,2016-12-01,1.0
1066,12/2/16,2016-12-02,2016-12-02,1.0
1067,12/3/16,2016-12-03,2016-12-03,1.0
1068,12/4/16,2016-12-04,0,0.0
1069,12/5/16,2016-12-05,2016-12-05,1.0
1070,12/6/16,2016-12-06,0,0.0
1071,12/7/16,2016-12-07,0,0.0
1072,12/8/16,2016-12-08,0,0.0
1073,12/9/16,2016-12-09,2016-12-09,2.0
1074,12/10/16,2016-12-10,0,0.0
1075,12/11/16,2016-12-11,2016-12-11,4.0
1076,12/12/16,2016-12-12,2016-12-12,1.0
1077,12/13/16,2016-12-13,0,0.0
1078,12/14/16,2016-12-14,0,0.0
1079,12/15/16,2016-12-15,0,0.0
1080,12/16/16,2016-12-16,2016-12-16,2.0
1081,12/17/16,2016-12-17,2016-12-17,2.0
1082,12/18/16,2016-12-18,0,0.0
1083,12/19/16,2016-12-19,0,0.0
1084,12/20/16,2016-12-20,0,0.0
1085,12/21/16,2016-12-21,0,0.0
1086,12/22/16,2016-12-22,0,0.0
1087,12/23/16,2016-12-23,2016-12-23,2.0
1088,12/24/16,2016-12-24,2016-12-24,2.0
1089,12/25/16,2016-12-25,2016-12-25,3.0
1090,12/26/16,2016-12-26,0,0.0
1091,12/27/16,2016-12-27,0,0.0
1092,12/28/16,2016-12-28,2016-12-28,1.0
1093,12/29/16,2016-12-29,0,0.0
1094,12/30/16,2016-12-30,2016-12-30,2.0
1095,12/31/16,2016-12-31,2016-12-31,2.0
1096,1/1/17,2017-01-01,2017-01-01,3.0
1097,1/2/17,2017-01-02,0,0.0
1098,1/3/17,2017-01-03,2017-01-03,1.0
1099,1/4/17,2017-01-04,2017-01-04,1.0
1100,1/5/17,2017-01-05,0,0.0
1101,1/6/17,2017-01-06,2017-01-06,2.0
1102,1/7/17,2017-01-07,2017-01-07,1.0
1103,1/8/17,2017-01-08,0,0.0
1104,1/9/17,2017-01-09,0,0.0
1105,1/10/17,2017-01-10,0,0.0
1106,1/11/17,2017-01-11,2017-01-11,2.0
1107,1/12/17,2017-01-12,2017-01-12,2.0
1108,1/13/17,2017-01-13,0,0.0
1109,1/14/17,2017-01-14,0,0.0
1110,1/15/17,2017-01-15,2017-01-15,2.0
1111,1/16/17,2017-01-16,2017-01-16,2.0
1112,1/17/17,2017-01-17,0,0.0
1113,1/18/17,2017-01-18,0,0.0
1114,1/19/17,2017-01-19,0,0.0
1115,1/20/17,2017-01-20,2017-01-20,2.0
1116,1/21/17,2017-01-21,2017-01-21,3.0
1117,1/22/17,2017-01-22,2017-01-22,3.0
1118,1/23/17,2017-01-23,0,0.0
1119,1/24/17,2017-01-24,0,0.0
1120,1/25/17,2017-01-25,2017-01-25,1.0
1121,1/26/17,2017-01-26,2017-01-26,1.0
1122,1/27/17,2017-01-27,2017-01-27,1.0
1123,1/28/17,2017-01-28,0,0.0
1124,1/29/17,2017-01-29,2017-01-29,1.0
1125,1/30/17,2017-01-30,2017-01-30,1.0
1126,1/31/17,2017-01-31,2017-01-31,2.0
1127,2/1/17,2017-02-01,0,0.0
1128,2/2/17,2017-02-02,0,0.0
1129,2/3/17,2017-02-03,0,0.0
1130,2/4/17,2017-02-04,0,0.0
1131,2/5/17,2017-02-05,0,0.0
1132,2/6/17,2017-02-06,2017-02-06,1.0
1133,2/7/17,2017-02-07,2017-02-07,2.0
1134,2/8/17,2017-02-08,2017-02-08,1.0
1135,2/9/17,2017-02-09,2017-02-09,1.0
1136,2/10/17,2017-02-10,2017-02-10,1.0
1137,2/11/17,2017-02-11,2017-02-11,2.0
1138,2/12/17,2017-02-12,2017-02-12,3.0
1139,2/13/17,2017-02-13,0,0.0
1140,2/14/17,2017-02-14,0,0.0
1141,2/15/17,2017-02-15,2017-02-15,2.0
1142,2/16/17,2017-02-16,0,0.0
1143,2/17/17,2017-02-17,0,0.0
1144,2/18/17,2017-02-18,2017-02-18,2.0
1145,2/19/17,2017-02-19,2017-02-19,1.0
1146,2/20/17,2017-02-20,2017-02-20,1.0
1147,2/21/17,2017-02-21,2017-02-21,2.0
1148,2/22/17,2017-02-22,2017-02-22,1.0
1149,2/23/17,2017-02-23,0,0.0
1150,2/24/17,2017-02-24,0,0.0
1151,2/25/17,2017-02-25,2017-02-25,2.0
1152,2/26/17,2017-02-26,2017-02-26,1.0
1153,2/27/17,2017-02-27,2017-02-27,1.0
1154,2/28/17,2017-02-28,2017-02-28,1.0
1155,3/1/17,2017-03-01,0,0.0
1156,3/2/17,2017-03-02,0,0.0
1157,3/3/17,2017-03-03,2017-03-03,2.0
1158,3/4/17,2017-03-04,2017-03-04,2.0
1159,3/5/17,2017-03-05,2017-03-05,1.0
1160,3/6/17,2017-03-06,0,0.0
1161,3/7/17,2017-03-07,2017-03-07,1.0
1162,3/8/17,2017-03-08,0,0.0
1163,3/9/17,2017-03-09,0,0.0
1164,3/10/17,2017-03-10,2017-03-10,2.0
1165,3/11/17,2017-03-11,0,0.0
1166,3/12/17,2017-03-12,0,0.0
1167,3/13/17,2017-03-13,0,0.0
1168,3/14/17,2017-03-14,0,0.0
1169,3/15/17,2017-03-15,2017-03-15,1.0
1170,3/16/17,2017-03-16,0,0.0
1171,3/17/17,2017-03-17,0,0.0
1172,3/18/17,2017-03-18,2017-03-18,1.0
1173,3/19/17,2017-03-19,2017-03-19,1.0
1174,3/20/17,2017-03-20,0,0.0
1175,3/21/17,2017-03-21,0,0.0
1176,3/22/17,2017-03-22,2017-03-22,1.0
1177,3/23/17,2017-03-23,0,0.0
1178,3/24/17,2017-03-24,2017-03-24,2.0
1179,3/25/17,2017-03-25,2017-03-25,3.0
1180,3/26/17,2017-03-26,2017-03-26,3.0
1181,3/27/17,2017-03-27,2017-03-27,1.0
1182,3/28/17,2017-03-28,0,0.0
1183,3/29/17,2017-03-29,0,0.0
1184,3/30/17,2017-03-30,2017-03-30,1.0
1185,3/31/17,2017-03-31,0,0.0
1186,4/1/17,2017-04-01,2017-04-01,3.0
1187,4/2/17,2017-04-02,2017-04-02,2.0
1188,4/3/17,2017-04-03,2017-04-03,2.0
1189,4/4/17,2017-04-04,0,0.0
1190,4/5/17,2017-04-05,0,0.0
1191,4/6/17,2017-04-06,2017-04-06,1.0
1192,4/7/17,2017-04-07,2017-04-07,4.0
1193,4/8/17,2017-04-08,0,0.0
1194,4/9/17,2017-04-09,2017-04-09,2.0
1195,4/10/17,2017-04-10,0,0.0
1196,4/11/17,2017-04-11,0,0.0
1197,4/12/17,2017-04-12,0,0.0
1198,4/13/17,2017-04-13,2017-04-13,1.0
1199,4/14/17,2017-04-14,0,0.0
1200,4/15/17,2017-04-15,2017-04-15,6.0
1201,4/16/17,2017-04-16,2017-04-16,3.0
1202,4/17/17,2017-04-17,0,0.0
1203,4/18/17,2017-04-18,0,0.0
1204,4/19/17,2017-04-19,0,0.0
1205,4/20/17,2017-04-20,2017-04-20,1.0
1206,4/21/17,2017-04-21,2017-04-21,1.0
1207,4/22/17,2017-04-22,0,0.0
1208,4/23/17,2017-04-23,0,0.0
1209,4/24/17,2017-04-24,0,0.0
1210,4/25/17,2017-04-25,0,0.0
1211,4/26/17,2017-04-26,2017-04-26,1.0
1212,4/27/17,2017-04-27,2017-04-27,1.0
1213,4/28/17,2017-04-28,2017-04-28,1.0
1214,4/29/17,2017-04-29,2017-04-29,6.0
1215,4/30/17,2017-04-30,2017-04-30,4.0
1216,5/1/17,2017-05-01,2017-05-01,1.0
1217,5/2/17,2017-05-02,2017-05-02,1.0
1218,5/3/17,2017-05-03,0,0.0
1219,5/4/17,2017-05-04,2017-05-04,1.0
1220,5/5/17,2017-05-05,0,0.0
1221,5/6/17,2017-05-06,0,0.0
1222,5/7/17,2017-05-07,2017-05-07,1.0
1223,5/8/17,2017-05-08,0,0.0
1224,5/9/17,2017-05-09,2017-05-09,1.0
1225,5/10/17,2017-05-10,2017-05-10,1.0
1226,5/11/17,2017-05-11,0,0.0
1227,5/12/17,2017-05-12,0,0.0
1228,5/13/17,2017-05-13,0,0.0
1229,5/14/17,2017-05-14,2017-05-14,4.0
1230,5/15/17,2017-05-15,0,0.0
1231,5/16/17,2017-05-16,2017-05-16,1.0
1232,5/17/17,2017-05-17,0,0.0
1233,5/18/17,2017-05-18,0,0.0
1234,5/19/17,2017-05-19,0,0.0
1235,5/20/17,2017-05-20,2017-05-20,1.0
1236,5/21/17,2017-05-21,2017-05-21,2.0
1237,5/22/17,2017-05-22,0,0.0
1238,5/23/17,2017-05-23,0,0.0
1239,5/24/17,2017-05-24,0,0.0
1240,5/25/17,2017-05-25,0,0.0
1241,5/26/17,2017-05-26,2017-05-26,1.0
1242,5/27/17,2017-05-27,2017-05-27,3.0
1243,5/28/17,2017-05-28,2017-05-28,3.0
1244,5/29/17,2017-05-29,2017-05-29,1.0
1245,5/30/17,2017-05-30,2017-05-30,1.0
1246,5/31/17,2017-05-31,0,0.0
1247,6/1/17,2017-06-01,2017-06-01,1.0
1248,6/2/17,2017-06-02,2017-06-02,2.0
1249,6/3/17,2017-06-03,2017-06-03,2.0
1250,6/4/17,2017-06-04,0,0.0
1251,6/5/17,2017-06-05,2017-06-05,1.0
1252,6/6/17,2017-06-06,2017-06-06,1.0
1253,6/7/17,2017-06-07,0,0.0
1254,6/8/17,2017-06-08,2017-06-08,1.0
1255,6/9/17,2017-06-09,2017-06-09,1.0
1256,6/10/17,2017-06-10,2017-06-10,1.0
1257,6/11/17,2017-06-11,2017-06-11,3.0
1258,6/12/17,2017-06-12,0,0.0
1259,6/13/17,2017-06-13,2017-06-13,3.0
1260,6/14/17,2017-06-14,2017-06-14,3.0
1261,6/15/17,2017-06-15,2017-06-15,2.0
1262,6/16/17,2017-06-16,0,0.0
1263,6/17/17,2017-06-17,2017-06-17,2.0
1264,6/18/17,2017-06-18,2017-06-18,4.0
1265,6/19/17,2017-06-19,0,0.0
1266,6/20/17,2017-06-20,0,0.0
1267,6/21/17,2017-06-21,0,0.0
1268,6/22/17,2017-06-22,2017-06-22,1.0
1269,6/23/17,2017-06-23,0,0.0
1270,6/24/17,2017-06-24,2017-06-24,3.0
1271,6/25/17,2017-06-25,2017-06-25,2.0
1272,6/26/17,2017-06-26,0,0.0
1273,6/27/17,2017-06-27,2017-06-27,1.0
1274,6/28/17,2017-06-28,0,0.0
1275,6/29/17,2017-06-29,0,0.0
1276,6/30/17,2017-06-30,2017-06-30,1.0
1277,7/1/17,2017-07-01,2017-07-01,4.0
1278,7/2/17,2017-07-02,2017-07-02,2.0
1279,7/3/17,2017-07-03,2017-07-03,2.0
1280,7/4/17,2017-07-04,2017-07-04,3.0
1281,7/5/17,2017-07-05,2017-07-05,3.0
1282,7/6/17,2017-07-06,2017-07-06,1.0
1283,7/7/17,2017-07-07,0,0.0
1284,7/8/17,2017-07-08,2017-07-08,2.0
1285,7/9/17,2017-07-09,2017-07-09,1.0
1286,7/10/17,2017-07-10,0,0.0
1287,7/11/17,2017-07-11,0,0.0
1288,7/12/17,2017-07-12,0,0.0
1289,7/13/17,2017-07-13,0,0.0
1290,7/14/17,2017-07-14,0,0.0
1291,7/15/17,2017-07-15,2017-07-15,2.0
1292,7/16/17,2017-07-16,0,0.0
1293,7/17/17,2017-07-17,0,0.0
1294,7/18/17,2017-07-18,2017-07-18,3.0
1295,7/19/17,2017-07-19,2017-07-19,2.0
1296,7/20/17,2017-07-20,0,0.0
1297,7/21/17,2017-07-21,0,0.0
1298,7/22/17,2017-07-22,2017-07-22,1.0
1299,7/23/17,2017-07-23,2017-07-23,2.0
1300,7/24/17,2017-07-24,0,0.0
1301,7/25/17,2017-07-25,0,0.0
1302,7/26/17,2017-07-26,2017-07-26,1.0
1303,7/27/17,2017-07-27,2017-07-27,1.0
1304,7/28/17,2017-07-28,2017-07-28,1.0
1305,7/29/17,2017-07-29,2017-07-29,2.0
1306,7/30/17,2017-07-30,2017-07-30,2.0
1307,7/31/17,2017-07-31,2017-07-31,1.0
1308,8/1/17,2017-08-01,2017-08-01,3.0
1309,8/2/17,2017-08-02,2017-08-02,1.0
1310,8/3/17,2017-08-03,2017-08-03,1.0
1311,8/4/17,2017-08-04,2017-08-04,1.0
1312,8/5/17,2017-08-05,2017-08-05,3.0
1313,8/6/17,2017-08-06,2017-08-06,3.0
1314,8/7/17,2017-08-07,0,0.0
1315,8/8/17,2017-08-08,2017-08-08,1.0
1316,8/9/17,2017-08-09,0,0.0
1317,8/10/17,2017-08-10,0,0.0
1318,8/11/17,2017-08-11,0,0.0
1319,8/12/17,2017-08-12,2017-08-12,1.0
1320,8/13/17,2017-08-13,2017-08-13,3.0
1321,8/14/17,2017-08-14,2017-08-14,1.0
1322,8/15/17,2017-08-15,0,0.0
1323,8/16/17,2017-08-16,2017-08-16,1.0
1324,8/17/17,2017-08-17,0,0.0
1325,8/18/17,2017-08-18,0,0.0
1326,8/19/17,2017-08-19,2017-08-19,1.0
1327,8/20/17,2017-08-20,2017-08-20,2.0
1328,8/21/17,2017-08-21,2017-08-21,5.0
1329,8/22/17,2017-08-22,2017-08-22,1.0
1330,8/23/17,2017-08-23,0,0.0
1331,8/24/17,2017-08-24,2017-08-24,1.0
1332,8/25/17,2017-08-25,2017-08-25,1.0
1333,8/26/17,2017-08-26,0,0.0
1334,8/27/17,2017-08-27,2017-08-27,2.0
1335,8/28/17,2017-08-28,2017-08-28,1.0
1336,8/29/17,2017-08-29,0,0.0
1337,8/30/17,2017-08-30,0,0.0
1338,8/31/17,2017-08-31,0,0.0
1339,9/1/17,2017-09-01,0,0.0
1340,9/2/17,2017-09-02,2017-09-02,2.0
1341,9/3/17,2017-09-03,2017-09-03,1.0
1342,9/4/17,2017-09-04,2017-09-04,1.0
1343,9/5/17,2017-09-05,0,0.0
1344,9/6/17,2017-09-06,2017-09-06,1.0
1345,9/7/17,2017-09-07,0,0.0
1346,9/8/17,2017-09-08,0,0.0
1347,9/9/17,2017-09-09,2017-09-09,1.0
1348,9/10/17,2017-09-10,2017-09-10,2.0
1349,9/11/17,2017-09-11,0,0.0
1350,9/12/17,2017-09-12,0,0.0
1351,9/13/17,2017-09-13,2017-09-13,4.0
1352,9/14/17,2017-09-14,0,0.0
1353,9/15/17,2017-09-15,0,0.0
1354,9/16/17,2017-09-16,2017-09-16,1.0
1355,9/17/17,2017-09-17,2017-09-17,2.0
1356,9/18/17,2017-09-18,0,0.0
1357,9/19/17,2017-09-19,0,0.0
1358,9/20/17,2017-09-20,2017-09-20,1.0
1359,9/21/17,2017-09-21,0,0.0
1360,9/22/17,2017-09-22,0,0.0
1361,9/23/17,2017-09-23,2017-09-23,3.0
1362,9/24/17,2017-09-24,2017-09-24,4.0
1363,9/25/17,2017-09-25,0,0.0
1364,9/26/17,2017-09-26,2017-09-26,3.0
1365,9/27/17,2017-09-27,0,0.0
1366,9/28/17,2017-09-28,2017-09-28,1.0
1367,9/29/17,2017-09-29,0,0.0
1368,9/30/17,2017-09-30,2017-09-30,1.0
1369,10/1/17,2017-10-01,2017-10-01,2.0
1370,10/2/17,2017-10-02,0,0.0
1371,10/3/17,2017-10-03,2017-10-03,1.0
1372,10/4/17,2017-10-04,0,0.0
1373,10/5/17,2017-10-05,2017-10-05,1.0
1374,10/6/17,2017-10-06,2017-10-06,1.0
1375,10/7/17,2017-10-07,2017-10-07,1.0
1376,10/8/17,2017-10-08,0,0.0
1377,10/9/17,2017-10-09,2017-10-09,1.0
1378,10/10/17,2017-10-10,2017-10-10,1.0
1379,10/11/17,2017-10-11,2017-10-11,1.0
1380,10/12/17,2017-10-12,2017-10-12,1.0
1381,10/13/17,2017-10-13,0,0.0
1382,10/14/17,2017-10-14,0,0.0
1383,10/15/17,2017-10-15,2017-10-15,2.0
1384,10/16/17,2017-10-16,2017-10-16,1.0
1385,10/17/17,2017-10-17,2017-10-17,1.0
1386,10/18/17,2017-10-18,2017-10-18,1.0
1387,10/19/17,2017-10-19,0,0.0
1388,10/20/17,2017-10-20,0,0.0
1389,10/21/17,2017-10-21,2017-10-21,4.0
1390,10/22/17,2017-10-22,2017-10-22,2.0
1391,10/23/17,2017-10-23,2017-10-23,1.0
1392,10/24/17,2017-10-24,0,0.0
1393,10/25/17,2017-10-25,0,0.0
1394,10/26/17,2017-10-26,0,0.0
1395,10/27/17,2017-10-27,2017-10-27,2.0
1396,10/28/17,2017-10-28,2017-10-28,2.0
1397,10/29/17,2017-10-29,2017-10-29,1.0
1398,10/30/17,2017-10-30,0,0.0
1399,10/31/17,2017-10-31,2017-10-31,1.0
1400,11/1/17,2017-11-01,0,0.0
1401,11/2/17,2017-11-02,0,0.0
1402,11/3/17,2017-11-03,2017-11-03,4.0
1403,11/4/17,2017-11-04,2017-11-04,3.0
1404,11/5/17,2017-11-05,2017-11-05,1.0
1405,11/6/17,2017-11-06,0,0.0
1406,11/7/17,2017-11-07,0,0.0
1407,11/8/17,2017-11-08,0,0.0
1408,11/9/17,2017-11-09,2017-11-09,1.0
1409,11/10/17,2017-11-10,2017-11-10,1.0
1410,11/11/17,2017-11-11,2017-11-11,3.0
1411,11/12/17,2017-11-12,2017-11-12,3.0
1412,11/13/17,2017-11-13,0,0.0
1413,11/14/17,2017-11-14,2017-11-14,2.0
1414,11/15/17,2017-11-15,0,0.0
1415,11/16/17,2017-11-16,2017-11-16,1.0
1416,11/17/17,2017-11-17,2017-11-17,1.0
1417,11/18/17,2017-11-18,2017-11-18,1.0
1418,11/19/17,2017-11-19,0,0.0
1419,11/20/17,2017-11-20,0,0.0
1420,11/21/17,2017-11-21,0,0.0
1421,11/22/17,2017-11-22,0,0.0
1422,11/23/17,2017-11-23,0,0.0
1423,11/24/17,2017-11-24,2017-11-24,2.0
1424,11/25/17,2017-11-25,0,0.0
1425,11/26/17,2017-11-26,0,0.0
1426,11/27/17,2017-11-27,0,0.0
1427,11/28/17,2017-11-28,0,0.0
1428,11/29/17,2017-11-29,0,0.0
1429,11/30/17,2017-11-30,2017-11-30,1.0
1430,12/1/17,2017-12-01,0,0.0
1431,12/2/17,2017-12-02,2017-12-02,1.0
1432,12/3/17,2017-12-03,2017-12-03,1.0
1433,12/4/17,2017-12-04,2017-12-04,1.0
1434,12/5/17,2017-12-05,0,0.0
1435,12/6/17,2017-12-06,2017-12-06,1.0
1436,12/7/17,2017-12-07,0,0.0
1437,12/8/17,2017-12-08,0,0.0
1438,12/9/17,2017-12-09,0,0.0
1439,12/10/17,2017-12-10,0,0.0
1440,12/11/17,2017-12-11,0,0.0
1441,12/12/17,2017-12-12,0,0.0
1442,12/13/17,2017-12-13,0,0.0
1443,12/14/17,2017-12-14,0,0.0
1444,12/15/17,2017-12-15,0,0.0
1445,12/16/17,2017-12-16,0,0.0
1446,12/17/17,2017-12-17,0,0.0
1447,12/18/17,2017-12-18,0,0.0
1448,12/19/17,2017-12-19,0,0.0
1449,12/20/17,2017-12-20,0,0.0
1450,12/21/17,2017-12-21,0,0.0
1451,12/22/17,2017-12-22,0,0.0
1452,12/23/17,2017-12-23,0,0.0
1453,12/24/17,2017-12-24,0,0.0
1454,12/25/17,2017-12-25,0,0.0
1455,12/26/17,2017-12-26,0,0.0
1456,12/27/17,2017-12-27,0,0.0
1457,12/28/17,2017-12-28,0,0.0
1458,12/29/17,2017-12-29,0,0.0
1459,12/30/17,2017-12-30,0,0.0
1460,12/31/17,2017-12-31,0,0.0
